{
    "age_grp_distrbution": {
        "0-4": 0.04475702683314688,
        "5-9": 0.049853769633245205,
        "10-14": 0.05016228309998345,
        "15-19": 0.051396336966936386,
        "20-24": 0.05962587098618963,
        "25-29": 0.069739092920243,
        "30-34": 0.07551306040342524,
        "35-39": 0.07254330475612387,
        "40-44": 0.07343372980240088,
        "45-49": 0.07527979412369634,
        "50-54": 0.07172561865728919,
        "55-59": 0.07480322860597062,
        "60-64": 0.07088535840235173,
        "65-69": 0.05904145116708386,
        "70-74": 0.045481908068003396,
        "75-79": 0.022819963580361487,
        "80-84": 0.01794896234129114,
        "85-89": 0.009448538448804323,
        "90": 0.005540701203453344
    },
    "household_size": {
        "1": 0.15634663790003595,
        "2": 0.23818770226537217,
        "3": 0.21395181589356346,
        "4": 0.20071916576770946,
        "5": 0.11571377202445164,
        "6": 0.07508090614886731
    }
}